platform,cluster_name,week,complaint_count,rolling_mean,rolling_std,z_score,is_spike
Amazon India,App Crash / UX Bug,2025-10-06/2025-10-12,1,,,,False
Amazon India,App Crash / UX Bug,2025-10-13/2025-10-19,3,2.0,1.4142135623730951,0.7071067811865475,False
Amazon India,App Crash / UX Bug,2025-10-20/2025-10-26,1,1.6666666666666667,1.1547005383792517,-0.5773502691896257,False
Amazon India,App Crash / UX Bug,2025-11-03/2025-11-09,1,1.5,1.0,-0.5,False
Amazon India,App Crash / UX Bug,2025-11-10/2025-11-16,1,1.5,1.0,-0.5,False
Amazon India,App Crash / UX Bug,2025-11-17/2025-11-23,2,1.25,0.5000000000000001,1.4999999999999998,False
Amazon India,App Crash / UX Bug,2025-12-08/2025-12-14,1,1.25,0.5000000000000001,-0.4999999999999999,False
Amazon India,App Crash / UX Bug,2025-12-22/2025-12-28,2,1.5,0.5773502691896258,0.8660254037844385,False
Amazon India,App Crash / UX Bug,2026-01-05/2026-01-11,3,2.0,0.8164965809277261,1.224744871391589,False
Amazon India,App Crash / UX Bug,2026-01-12/2026-01-18,1,1.75,0.9574271077563382,-0.7833494518006402,False
Amazon India,App Crash / UX Bug,2026-01-19/2026-01-25,4,2.5,1.2909944487358056,1.161895003862225,False
Amazon India,App Crash / UX Bug,2026-01-26/2026-02-01,1,2.25,1.5,-0.8333333333333334,False
Amazon India,App Crash / UX Bug,2026-02-09/2026-02-15,2,2.0,1.4142135623730951,0.0,False
Amazon India,App Crash / UX Bug,2026-02-16/2026-02-22,1,2.0,1.4142135623730951,-0.7071067811865475,False
Amazon India,App Crash / UX Bug,2026-02-23/2026-03-01,1,1.25,0.5000000000000001,-0.4999999999999999,False
Amazon India,App Crash / UX Bug,2026-03-16/2026-03-22,1,1.25,0.5,-0.5,False
Amazon India,App Crash / UX Bug,2026-03-23/2026-03-29,1,1.0,0.0,,False
Amazon India,App Crash / UX Bug,2026-03-30/2026-04-05,19,5.5,9.0,1.5,False
Amazon India,Delivery Failure,2025-10-06/2025-10-12,3,,,,False
Amazon India,Delivery Failure,2025-10-27/2025-11-02,1,2.0,1.4142135623730951,-0.7071067811865475,False
Amazon India,Delivery Failure,2025-11-17/2025-11-23,1,1.6666666666666667,1.1547005383792517,-0.5773502691896257,False
Amazon India,Delivery Failure,2025-12-01/2025-12-07,1,1.5,1.0,-0.5,False
Amazon India,Delivery Failure,2025-12-08/2025-12-14,1,1.0,0.0,,False
Amazon India,Delivery Failure,2025-12-15/2025-12-21,1,1.0,0.0,,False
Amazon India,Delivery Failure,2026-01-19/2026-01-25,1,1.0,0.0,,False
Amazon India,Delivery Failure,2026-02-02/2026-02-08,1,1.0,0.0,,False
Amazon India,Delivery Failure,2026-02-23/2026-03-01,1,1.0,0.0,,False
Amazon India,Delivery Failure,2026-03-16/2026-03-22,1,1.0,0.0,,False
Amazon India,Delivery Failure,2026-03-30/2026-04-05,23,6.5,11.0,1.5,False
Amazon India,Fake/Counterfeit Product,2025-09-29/2025-10-05,1,,,,False
Amazon India,Fake/Counterfeit Product,2025-10-06/2025-10-12,5,3.0,2.8284271247461903,0.7071067811865475,False
Amazon India,Fake/Counterfeit Product,2025-10-13/2025-10-19,4,3.3333333333333335,2.0816659994661326,0.3202563076101742,False
Amazon India,Fake/Counterfeit Product,2025-10-20/2025-10-26,3,3.25,1.707825127659933,-0.14638501094227999,False
Amazon India,Fake/Counterfeit Product,2025-10-27/2025-11-02,6,4.5,1.2909944487358056,1.161895003862225,False
Amazon India,Fake/Counterfeit Product,2025-11-03/2025-11-09,5,4.5,1.2909944487358056,0.3872983346207417,False
Amazon India,Fake/Counterfeit Product,2025-11-10/2025-11-16,3,4.25,1.5,-0.8333333333333334,False
Amazon India,Fake/Counterfeit Product,2025-11-17/2025-11-23,6,5.0,1.414213562373095,0.7071067811865476,False
Amazon India,Fake/Counterfeit Product,2025-12-01/2025-12-07,4,4.5,1.2909944487358056,-0.3872983346207417,False
Amazon India,Fake/Counterfeit Product,2025-12-08/2025-12-14,2,3.75,1.707825127659933,-1.02469507659596,False
Amazon India,Fake/Counterfeit Product,2025-12-15/2025-12-21,5,4.25,1.707825127659933,0.43915503282683993,False
Amazon India,Fake/Counterfeit Product,2025-12-22/2025-12-28,4,3.75,1.2583057392117916,0.1986798535597566,False
Amazon India,Fake/Counterfeit Product,2025-12-29/2026-01-04,3,3.5,1.2909944487358054,-0.38729833462074176,False
Amazon India,Fake/Counterfeit Product,2026-01-05/2026-01-11,2,3.5,1.2909944487358054,-1.1618950038622253,False
Amazon India,Fake/Counterfeit Product,2026-01-12/2026-01-18,4,3.25,0.957427107756338,0.7833494518006404,False
Amazon India,Fake/Counterfeit Product,2026-01-19/2026-01-25,2,2.75,0.957427107756338,-0.7833494518006404,False
Amazon India,Fake/Counterfeit Product,2026-01-26/2026-02-01,1,2.25,1.2583057392117913,-0.9933992677987831,False
Amazon India,Fake/Counterfeit Product,2026-02-02/2026-02-08,3,2.5,1.2909944487358054,0.38729833462074176,False
Amazon India,Fake/Counterfeit Product,2026-02-16/2026-02-22,3,2.25,0.9574271077563378,0.7833494518006405,False
Amazon India,Fake/Counterfeit Product,2026-02-23/2026-03-01,5,3.0,1.6329931618554518,1.2247448713915892,False
Amazon India,Fake/Counterfeit Product,2026-03-02/2026-03-08,4,3.75,0.9574271077563379,0.2611164839335468,False
Amazon India,Fake/Counterfeit Product,2026-03-09/2026-03-15,5,4.25,0.9574271077563379,0.7833494518006404,False
Amazon India,Fake/Counterfeit Product,2026-03-16/2026-03-22,5,4.75,0.49999999999999933,0.5000000000000007,False
Amazon India,Fake/Counterfeit Product,2026-03-23/2026-03-29,1,3.75,1.892969448600091,-1.4527439954372794,False
Amazon India,Fake/Counterfeit Product,2026-03-30/2026-04-05,199,52.5,97.68486747359252,1.4997205175059878,False
Amazon India,Positive Experience,2025-09-29/2025-10-05,1,,,,False
Amazon India,Positive Experience,2025-10-06/2025-10-12,1,1.0,0.0,,False
Amazon India,Positive Experience,2025-10-13/2025-10-19,2,1.3333333333333333,0.5773502691896258,1.1547005383792515,False
Amazon India,Positive Experience,2025-10-20/2025-10-26,2,1.5,0.5773502691896257,0.8660254037844387,False
Amazon India,Positive Experience,2025-11-10/2025-11-16,1,1.5,0.5773502691896257,-0.8660254037844387,False
Amazon India,Positive Experience,2025-11-24/2025-11-30,2,1.75,0.5,0.5,False
Amazon India,Positive Experience,2025-12-01/2025-12-07,1,1.5,0.5773502691896257,-0.8660254037844387,False
Amazon India,Positive Experience,2025-12-15/2025-12-21,3,1.75,0.9574271077563381,1.3055824196677337,False
Amazon India,Positive Experience,2026-01-12/2026-01-18,1,1.75,0.9574271077563381,-0.7833494518006403,False
Amazon India,Positive Experience,2026-01-19/2026-01-25,2,1.75,0.9574271077563381,0.26111648393354675,False
Amazon India,Positive Experience,2026-01-26/2026-02-01,4,2.5,1.2909944487358056,1.161895003862225,False
Amazon India,Positive Experience,2026-02-02/2026-02-08,4,2.75,1.5,0.8333333333333334,False
Amazon India,Positive Experience,2026-02-09/2026-02-15,1,2.75,1.5,-1.1666666666666667,False
Amazon India,Positive Experience,2026-02-23/2026-03-01,2,2.75,1.5,-0.5,False
Amazon India,Positive Experience,2026-03-02/2026-03-08,3,2.5,1.2909944487358056,0.3872983346207417,False
Amazon India,Positive Experience,2026-03-09/2026-03-15,2,2.0,0.816496580927726,0.0,False
Amazon India,Positive Experience,2026-03-30/2026-04-05,20,6.75,8.845903006477066,1.497868560202187,False
Amazon India,Refund & Payment Issues,2025-09-29/2025-10-05,1,,,,False
Amazon India,Refund & Payment Issues,2025-10-06/2025-10-12,5,3.0,2.8284271247461903,0.7071067811865475,False
Amazon India,Refund & Payment Issues,2025-10-13/2025-10-19,6,4.0,2.6457513110645907,0.7559289460184544,False
Amazon India,Refund & Payment Issues,2025-10-20/2025-10-26,3,3.75,2.217355782608345,-0.338240712601273,False
Amazon India,Refund & Payment Issues,2025-10-27/2025-11-02,2,4.0,1.8257418583505538,-1.0954451150103321,False
Amazon India,Refund & Payment Issues,2025-11-03/2025-11-09,1,3.0,2.160246899469287,-0.9258200997725514,False
Amazon India,Refund & Payment Issues,2025-11-10/2025-11-16,1,1.75,0.9574271077563381,-0.7833494518006403,False
Amazon India,Refund & Payment Issues,2025-11-17/2025-11-23,7,2.75,2.8722813232690148,1.4796600756234315,False
Amazon India,Refund & Payment Issues,2025-12-01/2025-12-07,2,2.75,2.8722813232690148,-0.2611164839335467,False
Amazon India,Refund & Payment Issues,2025-12-08/2025-12-14,1,2.75,2.8722813232690148,-0.6092717958449424,False
Amazon India,Refund & Payment Issues,2025-12-15/2025-12-21,1,2.75,2.8722813232690148,-0.6092717958449424,False
Amazon India,Refund & Payment Issues,2026-01-05/2026-01-11,1,1.25,0.5000000000000016,-0.49999999999999845,False
Amazon India,Refund & Payment Issues,2026-01-12/2026-01-18,3,1.5,1.0000000000000007,1.4999999999999991,False
Amazon India,Refund & Payment Issues,2026-01-19/2026-01-25,5,2.5,1.9148542155126764,1.3055824196677337,False
Amazon India,Refund & Payment Issues,2026-01-26/2026-02-01,3,3.0,1.6329931618554525,0.0,False
Amazon India,Refund & Payment Issues,2026-02-02/2026-02-08,4,3.75,0.9574271077563388,0.2611164839335466,False
Amazon India,Refund & Payment Issues,2026-02-09/2026-02-15,2,3.5,1.290994448735806,-1.1618950038622247,False
Amazon India,Refund & Payment Issues,2026-02-16/2026-02-22,3,3.0,0.8164965809277268,0.0,False
Amazon India,Refund & Payment Issues,2026-02-23/2026-03-01,1,2.5,1.290994448735806,-1.1618950038622247,False
Amazon India,Refund & Payment Issues,2026-03-09/2026-03-15,2,2.0,0.8164965809277268,0.0,False
Amazon India,Refund & Payment Issues,2026-03-16/2026-03-22,3,2.25,0.9574271077563388,0.7833494518006398,False
Amazon India,Refund & Payment Issues,2026-03-23/2026-03-29,3,2.25,0.9574271077563388,0.7833494518006398,False
Amazon India,Refund & Payment Issues,2026-03-30/2026-04-05,24,8.0,10.677078252031311,1.4985372985307104,False
Amazon India,Size/Quality Mismatch,2025-09-29/2025-10-05,2,,,,False
Amazon India,Size/Quality Mismatch,2025-10-06/2025-10-12,2,2.0,0.0,,False
Amazon India,Size/Quality Mismatch,2025-10-20/2025-10-26,1,1.6666666666666667,0.5773502691896258,-1.1547005383792515,False
Amazon India,Size/Quality Mismatch,2025-11-17/2025-11-23,1,1.5,0.5773502691896257,-0.8660254037844387,False
Amazon India,Size/Quality Mismatch,2025-11-24/2025-11-30,1,1.25,0.5,-0.5,False
Amazon India,Size/Quality Mismatch,2025-12-08/2025-12-14,1,1.0,0.0,,False
Amazon India,Size/Quality Mismatch,2025-12-22/2025-12-28,1,1.0,0.0,,False
Amazon India,Size/Quality Mismatch,2026-01-05/2026-01-11,4,1.75,1.5,1.5,False
Amazon India,Size/Quality Mismatch,2026-01-12/2026-01-18,1,1.75,1.5,-0.5,False
Amazon India,Size/Quality Mismatch,2026-01-19/2026-01-25,2,2.0,1.4142135623730951,0.0,False
Amazon India,Size/Quality Mismatch,2026-01-26/2026-02-01,1,2.0,1.4142135623730951,-0.7071067811865475,False
Amazon India,Size/Quality Mismatch,2026-02-02/2026-02-08,1,1.25,0.5000000000000001,-0.4999999999999999,False
Amazon India,Size/Quality Mismatch,2026-02-16/2026-02-22,1,1.25,0.5,-0.5,False
Amazon India,Size/Quality Mismatch,2026-02-23/2026-03-01,3,1.5,1.0,1.5,False
Amazon India,Size/Quality Mismatch,2026-03-02/2026-03-08,2,1.75,0.9574271077563381,0.26111648393354675,False
Amazon India,Size/Quality Mismatch,2026-03-30/2026-04-05,18,6.0,8.04155872120988,1.4922480101214208,False
Flipkart,App Crash / UX Bug,2026-03-09/2026-03-15,2,,,,False
Flipkart,App Crash / UX Bug,2026-03-16/2026-03-22,7,4.5,3.5355339059327378,0.7071067811865475,False
Flipkart,App Crash / UX Bug,2026-03-23/2026-03-29,7,5.333333333333333,2.886751345948129,0.5773502691896258,False
Flipkart,App Crash / UX Bug,2026-03-30/2026-04-05,20,9.0,7.702813338860896,1.4280496639461209,False
Flipkart,Delivery Failure,2026-03-09/2026-03-15,4,,,,False
Flipkart,Delivery Failure,2026-03-16/2026-03-22,4,4.0,0.0,,False
Flipkart,Delivery Failure,2026-03-23/2026-03-29,3,3.6666666666666665,0.5773502691896257,-1.1547005383792512,False
Flipkart,Delivery Failure,2026-03-30/2026-04-05,20,7.75,8.180260794538684,1.497507268738713,False
Flipkart,Fake/Counterfeit Product,2026-03-09/2026-03-15,6,,,,False
Flipkart,Fake/Counterfeit Product,2026-03-16/2026-03-22,11,8.5,3.5355339059327378,0.7071067811865475,False
Flipkart,Fake/Counterfeit Product,2026-03-23/2026-03-29,3,6.666666666666667,4.041451884327381,-0.9072647087265548,False
Flipkart,Fake/Counterfeit Product,2026-03-30/2026-04-05,55,18.75,24.390913608691797,1.4862091917328661,False
Flipkart,Positive Experience,2026-03-09/2026-03-15,7,,,,False
Flipkart,Positive Experience,2026-03-16/2026-03-22,6,6.5,0.7071067811865476,-0.7071067811865475,False
Flipkart,Positive Experience,2026-03-23/2026-03-29,3,5.333333333333333,2.0816659994661326,-1.12089707663561,False
Flipkart,Positive Experience,2026-03-30/2026-04-05,7,5.75,1.8929694486000912,0.6603381797442178,False
Flipkart,Refund & Payment Issues,2026-03-09/2026-03-15,14,,,,False
Flipkart,Refund & Payment Issues,2026-03-16/2026-03-22,9,11.5,3.5355339059327378,-0.7071067811865475,False
Flipkart,Refund & Payment Issues,2026-03-23/2026-03-29,9,10.666666666666666,2.8867513459481287,-0.5773502691896256,False
Flipkart,Refund & Payment Issues,2026-03-30/2026-04-05,34,16.5,11.902380714238085,1.4702940882294102,False
Flipkart,Size/Quality Mismatch,2026-03-09/2026-03-15,7,,,,False
Flipkart,Size/Quality Mismatch,2026-03-16/2026-03-22,13,10.0,4.242640687119285,0.7071067811865476,False
Flipkart,Size/Quality Mismatch,2026-03-23/2026-03-29,10,10.0,3.0,0.0,False
Flipkart,Size/Quality Mismatch,2026-03-30/2026-04-05,35,16.25,12.737739202856996,1.4720037599603617,False
Meesho,App Crash / UX Bug,2026-03-09/2026-03-15,1,,,,False
Meesho,App Crash / UX Bug,2026-03-16/2026-03-22,13,7.0,8.48528137423857,0.7071067811865476,False
Meesho,App Crash / UX Bug,2026-03-23/2026-03-29,8,7.333333333333333,6.027713773341708,0.11060025272186624,False
Meesho,App Crash / UX Bug,2026-03-30/2026-04-05,65,21.75,29.250356123188194,1.4786144762768751,False
Meesho,Delivery Failure,2026-03-16/2026-03-22,4,,,,False
Meesho,Delivery Failure,2026-03-23/2026-03-29,7,5.5,2.1213203435596424,0.7071067811865476,False
Meesho,Delivery Failure,2026-03-30/2026-04-05,63,24.666666666666668,33.231511150312336,1.1535236288215873,False
Meesho,Fake/Counterfeit Product,2026-03-16/2026-03-22,17,,,,False
Meesho,Fake/Counterfeit Product,2026-03-23/2026-03-29,11,14.0,4.242640687119285,-0.7071067811865476,False
Meesho,Fake/Counterfeit Product,2026-03-30/2026-04-05,86,38.0,41.677331968349414,1.1517052011979112,False
Meesho,Positive Experience,2026-03-09/2026-03-15,1,,,,False
Meesho,Positive Experience,2026-03-16/2026-03-22,29,15.0,19.79898987322333,0.7071067811865476,False
Meesho,Positive Experience,2026-03-23/2026-03-29,10,13.333333333333334,14.294521094927712,-0.2331895774050198,False
Meesho,Positive Experience,2026-03-30/2026-04-05,41,20.25,18.09926333675858,1.1464555000897703,False
Meesho,Refund & Payment Issues,2026-03-16/2026-03-22,30,,,,False
Meesho,Refund & Payment Issues,2026-03-23/2026-03-29,26,28.0,2.8284271247461903,-0.7071067811865475,False
Meesho,Refund & Payment Issues,2026-03-30/2026-04-05,59,38.333333333333336,18.009256878986797,1.147557992288984,False
Meesho,Size/Quality Mismatch,2026-03-16/2026-03-22,15,,,,False
Meesho,Size/Quality Mismatch,2026-03-23/2026-03-29,18,16.5,2.1213203435596424,0.7071067811865476,False
Meesho,Size/Quality Mismatch,2026-03-30/2026-04-05,44,25.666666666666668,15.947831618540915,1.1495815714544564,False
Myntra,App Crash / UX Bug,2024-07-01/2024-07-07,1,,,,False
Myntra,App Crash / UX Bug,2024-08-12/2024-08-18,2,1.5,0.7071067811865476,0.7071067811865475,False
Myntra,App Crash / UX Bug,2024-09-16/2024-09-22,1,1.3333333333333333,0.5773502691896257,-0.5773502691896256,False
Myntra,App Crash / UX Bug,2024-09-23/2024-09-29,1,1.25,0.5,-0.5,False
Myntra,App Crash / UX Bug,2024-09-30/2024-10-06,1,1.25,0.5,-0.5,False
Myntra,App Crash / UX Bug,2024-11-04/2024-11-10,1,1.0,0.0,,False
Myntra,App Crash / UX Bug,2024-12-09/2024-12-15,1,1.0,0.0,,False
Myntra,App Crash / UX Bug,2024-12-30/2025-01-05,1,1.0,0.0,,False
Myntra,App Crash / UX Bug,2025-01-13/2025-01-19,1,1.0,0.0,,False
Myntra,App Crash / UX Bug,2025-02-03/2025-02-09,1,1.0,0.0,,False
Myntra,App Crash / UX Bug,2025-03-03/2025-03-09,2,1.25,0.5,1.5,False
Myntra,App Crash / UX Bug,2025-03-10/2025-03-16,1,1.25,0.5,-0.5,False
Myntra,App Crash / UX Bug,2025-05-26/2025-06-01,1,1.25,0.5,-0.5,False
Myntra,App Crash / UX Bug,2025-07-07/2025-07-13,1,1.25,0.5,-0.5,False
Myntra,App Crash / UX Bug,2025-07-14/2025-07-20,1,1.0,0.0,,False
Myntra,App Crash / UX Bug,2025-07-21/2025-07-27,1,1.0,0.0,,False
Myntra,App Crash / UX Bug,2025-09-22/2025-09-28,1,1.0,0.0,,False
Myntra,App Crash / UX Bug,2025-10-06/2025-10-12,1,1.0,0.0,,False
Myntra,App Crash / UX Bug,2025-10-13/2025-10-19,1,1.0,0.0,,False
Myntra,App Crash / UX Bug,2025-10-20/2025-10-26,1,1.0,0.0,,False
Myntra,App Crash / UX Bug,2025-11-10/2025-11-16,1,1.0,0.0,,False
Myntra,App Crash / UX Bug,2025-12-22/2025-12-28,1,1.0,0.0,,False
Myntra,App Crash / UX Bug,2025-12-29/2026-01-04,1,1.0,0.0,,False
Myntra,App Crash / UX Bug,2026-01-05/2026-01-11,1,1.0,0.0,,False
Myntra,App Crash / UX Bug,2026-02-02/2026-02-08,1,1.0,0.0,,False
Myntra,App Crash / UX Bug,2026-02-16/2026-02-22,1,1.0,0.0,,False
Myntra,App Crash / UX Bug,2026-02-23/2026-03-01,2,1.25,0.5,1.5,False
Myntra,App Crash / UX Bug,2026-03-09/2026-03-15,1,1.25,0.5,-0.5,False
Myntra,App Crash / UX Bug,2026-03-16/2026-03-22,1,1.25,0.5,-0.5,False
Myntra,App Crash / UX Bug,2026-03-30/2026-04-05,72,19.0,35.33647784749729,1.499866518353462,False
Myntra,Delivery Failure,2024-07-01/2024-07-07,1,,,,False
Myntra,Delivery Failure,2024-07-29/2024-08-04,1,1.0,0.0,,False
Myntra,Delivery Failure,2024-08-05/2024-08-11,1,1.0,0.0,,False
Myntra,Delivery Failure,2024-08-26/2024-09-01,1,1.0,0.0,,False
Myntra,Delivery Failure,2024-09-02/2024-09-08,1,1.0,0.0,,False
Myntra,Delivery Failure,2024-09-16/2024-09-22,1,1.0,0.0,,False
Myntra,Delivery Failure,2024-09-23/2024-09-29,1,1.0,0.0,,False
Myntra,Delivery Failure,2024-09-30/2024-10-06,1,1.0,0.0,,False
Myntra,Delivery Failure,2024-10-07/2024-10-13,2,1.25,0.5,1.5,False
Myntra,Delivery Failure,2024-10-21/2024-10-27,1,1.25,0.5,-0.5,False
Myntra,Delivery Failure,2024-11-04/2024-11-10,1,1.25,0.5,-0.5,False
Myntra,Delivery Failure,2024-11-11/2024-11-17,1,1.25,0.5,-0.5,False
Myntra,Delivery Failure,2025-01-27/2025-02-02,1,1.0,0.0,,False
Myntra,Delivery Failure,2025-02-03/2025-02-09,1,1.0,0.0,,False
Myntra,Delivery Failure,2025-02-17/2025-02-23,1,1.0,0.0,,False
Myntra,Delivery Failure,2025-02-24/2025-03-02,1,1.0,0.0,,False
Myntra,Delivery Failure,2025-03-03/2025-03-09,2,1.25,0.5,1.5,False
Myntra,Delivery Failure,2025-03-24/2025-03-30,1,1.25,0.5,-0.5,False
Myntra,Delivery Failure,2025-04-07/2025-04-13,1,1.25,0.5,-0.5,False
Myntra,Delivery Failure,2025-04-21/2025-04-27,2,1.5,0.5773502691896257,0.8660254037844387,False
Myntra,Delivery Failure,2025-04-28/2025-05-04,1,1.25,0.5,-0.5,False
Myntra,Delivery Failure,2025-05-12/2025-05-18,1,1.25,0.5,-0.5,False
Myntra,Delivery Failure,2025-06-16/2025-06-22,1,1.25,0.5,-0.5,False
Myntra,Delivery Failure,2025-07-07/2025-07-13,1,1.0,0.0,,False
Myntra,Delivery Failure,2025-07-28/2025-08-03,1,1.0,0.0,,False
Myntra,Delivery Failure,2025-08-04/2025-08-10,1,1.0,0.0,,False
Myntra,Delivery Failure,2025-08-11/2025-08-17,1,1.0,0.0,,False
Myntra,Delivery Failure,2025-09-08/2025-09-14,1,1.0,0.0,,False
Myntra,Delivery Failure,2025-09-22/2025-09-28,3,1.5,1.0,1.5,False
Myntra,Delivery Failure,2025-09-29/2025-10-05,2,1.75,0.9574271077563381,0.26111648393354675,False
Myntra,Delivery Failure,2025-10-06/2025-10-12,1,1.75,0.9574271077563381,-0.7833494518006403,False
Myntra,Delivery Failure,2025-11-03/2025-11-09,1,1.75,0.9574271077563381,-0.7833494518006403,False
Myntra,Delivery Failure,2025-11-10/2025-11-16,1,1.25,0.4999999999999999,-0.5000000000000001,False
Myntra,Delivery Failure,2025-11-17/2025-11-23,2,1.25,0.4999999999999999,1.5000000000000004,False
Myntra,Delivery Failure,2025-11-24/2025-11-30,1,1.25,0.4999999999999999,-0.5000000000000001,False
Myntra,Delivery Failure,2025-12-01/2025-12-07,3,1.75,0.9574271077563381,1.3055824196677337,False
Myntra,Delivery Failure,2025-12-08/2025-12-14,1,1.75,0.9574271077563381,-0.7833494518006403,False
Myntra,Delivery Failure,2025-12-29/2026-01-04,1,1.5,1.0,-0.5,False
Myntra,Delivery Failure,2026-01-05/2026-01-11,1,1.5,1.0,-0.5,False
Myntra,Delivery Failure,2026-01-12/2026-01-18,1,1.0,0.0,,False
Myntra,Delivery Failure,2026-02-02/2026-02-08,2,1.25,0.5,1.5,False
Myntra,Delivery Failure,2026-02-09/2026-02-15,2,1.5,0.5773502691896257,0.8660254037844387,False
Myntra,Delivery Failure,2026-02-16/2026-02-22,2,1.75,0.5,0.5,False
Myntra,Delivery Failure,2026-03-02/2026-03-08,1,1.75,0.5,-1.5,False
Myntra,Delivery Failure,2026-03-09/2026-03-15,1,1.5,0.5773502691896257,-0.8660254037844387,False
Myntra,Delivery Failure,2026-03-16/2026-03-22,1,1.25,0.5,-0.5,False
Myntra,Delivery Failure,2026-03-23/2026-03-29,2,1.25,0.5,1.5,False
Myntra,Delivery Failure,2026-03-30/2026-04-05,110,28.5,54.33537828462533,1.4999435464142363,False
Myntra,Fake/Counterfeit Product,2024-06-10/2024-06-16,1,,,,False
Myntra,Fake/Counterfeit Product,2024-06-17/2024-06-23,1,1.0,0.0,,False
Myntra,Fake/Counterfeit Product,2024-07-29/2024-08-04,1,1.0,0.0,,False
Myntra,Fake/Counterfeit Product,2024-09-23/2024-09-29,1,1.0,0.0,,False
Myntra,Fake/Counterfeit Product,2024-11-11/2024-11-17,1,1.0,0.0,,False
Myntra,Fake/Counterfeit Product,2024-12-02/2024-12-08,2,1.25,0.5,1.5,False
Myntra,Fake/Counterfeit Product,2024-12-09/2024-12-15,2,1.5,0.5773502691896257,0.8660254037844387,False
Myntra,Fake/Counterfeit Product,2024-12-23/2024-12-29,1,1.5,0.5773502691896257,-0.8660254037844387,False
Myntra,Fake/Counterfeit Product,2025-01-13/2025-01-19,1,1.5,0.5773502691896257,-0.8660254037844387,False
Myntra,Fake/Counterfeit Product,2025-03-03/2025-03-09,1,1.25,0.5,-0.5,False
Myntra,Fake/Counterfeit Product,2025-03-17/2025-03-23,2,1.25,0.5,1.5,False
Myntra,Fake/Counterfeit Product,2025-04-14/2025-04-20,1,1.25,0.5,-0.5,False
Myntra,Fake/Counterfeit Product,2025-06-02/2025-06-08,1,1.25,0.5,-0.5,False
Myntra,Fake/Counterfeit Product,2025-08-04/2025-08-10,1,1.25,0.5,-0.5,False
Myntra,Fake/Counterfeit Product,2025-09-15/2025-09-21,1,1.0,0.0,,False
Myntra,Fake/Counterfeit Product,2025-09-29/2025-10-05,1,1.0,0.0,,False
Myntra,Fake/Counterfeit Product,2025-10-06/2025-10-12,1,1.0,0.0,,False
Myntra,Fake/Counterfeit Product,2025-10-20/2025-10-26,1,1.0,0.0,,False
Myntra,Fake/Counterfeit Product,2025-11-10/2025-11-16,1,1.0,0.0,,False
Myntra,Fake/Counterfeit Product,2025-11-24/2025-11-30,2,1.25,0.5,1.5,False
Myntra,Fake/Counterfeit Product,2025-12-15/2025-12-21,1,1.25,0.5,-0.5,False
Myntra,Fake/Counterfeit Product,2025-12-22/2025-12-28,3,1.75,0.9574271077563381,1.3055824196677337,False
Myntra,Fake/Counterfeit Product,2026-01-19/2026-01-25,1,1.75,0.9574271077563381,-0.7833494518006403,False
Myntra,Fake/Counterfeit Product,2026-02-09/2026-02-15,1,1.5,1.0,-0.5,False
Myntra,Fake/Counterfeit Product,2026-02-16/2026-02-22,2,1.75,0.9574271077563381,0.26111648393354675,False
Myntra,Fake/Counterfeit Product,2026-03-09/2026-03-15,1,1.25,0.4999999999999999,-0.5000000000000001,False
Myntra,Fake/Counterfeit Product,2026-03-30/2026-04-05,58,15.5,28.337254630609507,1.4997924306362442,False
Myntra,Positive Experience,2024-07-01/2024-07-07,1,,,,False
Myntra,Positive Experience,2024-07-15/2024-07-21,1,1.0,0.0,,False
Myntra,Positive Experience,2024-08-26/2024-09-01,1,1.0,0.0,,False
Myntra,Positive Experience,2024-09-02/2024-09-08,1,1.0,0.0,,False
Myntra,Positive Experience,2024-10-14/2024-10-20,1,1.0,0.0,,False
Myntra,Positive Experience,2025-01-13/2025-01-19,1,1.0,0.0,,False
Myntra,Positive Experience,2025-02-03/2025-02-09,1,1.0,0.0,,False
Myntra,Positive Experience,2025-03-03/2025-03-09,2,1.25,0.5,1.5,False
Myntra,Positive Experience,2025-03-24/2025-03-30,1,1.25,0.5,-0.5,False
Myntra,Positive Experience,2025-04-07/2025-04-13,1,1.25,0.5,-0.5,False
Myntra,Positive Experience,2025-04-28/2025-05-04,2,1.5,0.5773502691896257,0.8660254037844387,False
Myntra,Positive Experience,2025-05-12/2025-05-18,1,1.25,0.5,-0.5,False
Myntra,Positive Experience,2025-06-02/2025-06-08,1,1.25,0.5,-0.5,False
Myntra,Positive Experience,2025-06-09/2025-06-15,1,1.25,0.5,-0.5,False
Myntra,Positive Experience,2025-06-16/2025-06-22,1,1.0,0.0,,False
Myntra,Positive Experience,2025-09-22/2025-09-28,1,1.0,0.0,,False
Myntra,Positive Experience,2025-10-06/2025-10-12,1,1.0,0.0,,False
Myntra,Positive Experience,2025-10-13/2025-10-19,1,1.0,0.0,,False
Myntra,Positive Experience,2025-11-03/2025-11-09,1,1.0,0.0,,False
Myntra,Positive Experience,2025-11-17/2025-11-23,1,1.0,0.0,,False
Myntra,Positive Experience,2025-12-01/2025-12-07,1,1.0,0.0,,False
Myntra,Positive Experience,2025-12-08/2025-12-14,2,1.25,0.5,1.5,False
Myntra,Positive Experience,2025-12-15/2025-12-21,1,1.25,0.5,-0.5,False
Myntra,Positive Experience,2025-12-22/2025-12-28,1,1.25,0.5,-0.5,False
Myntra,Positive Experience,2026-01-05/2026-01-11,1,1.25,0.5,-0.5,False
Myntra,Positive Experience,2026-01-19/2026-01-25,1,1.0,0.0,,False
Myntra,Positive Experience,2026-02-09/2026-02-15,2,1.25,0.5,1.5,False
Myntra,Positive Experience,2026-03-09/2026-03-15,2,1.5,0.5773502691896257,0.8660254037844387,False
Myntra,Positive Experience,2026-03-23/2026-03-29,1,1.5,0.5773502691896257,-0.8660254037844387,False
Myntra,Positive Experience,2026-03-30/2026-04-05,6,2.75,2.217355782608345,1.4657097546055162,False
Myntra,Refund & Payment Issues,2024-06-17/2024-06-23,1,,,,False
Myntra,Refund & Payment Issues,2024-07-15/2024-07-21,2,1.5,0.7071067811865476,0.7071067811865475,False
Myntra,Refund & Payment Issues,2024-07-22/2024-07-28,1,1.3333333333333333,0.5773502691896257,-0.5773502691896256,False
Myntra,Refund & Payment Issues,2024-09-02/2024-09-08,1,1.25,0.5,-0.5,False
Myntra,Refund & Payment Issues,2024-09-30/2024-10-06,1,1.25,0.5,-0.5,False
Myntra,Refund & Payment Issues,2024-10-14/2024-10-20,1,1.0,0.0,,False
Myntra,Refund & Payment Issues,2024-10-21/2024-10-27,1,1.0,0.0,,False
Myntra,Refund & Payment Issues,2024-10-28/2024-11-03,1,1.0,0.0,,False
Myntra,Refund & Payment Issues,2024-12-16/2024-12-22,1,1.0,0.0,,False
Myntra,Refund & Payment Issues,2025-04-14/2025-04-20,1,1.0,0.0,,False
Myntra,Refund & Payment Issues,2025-05-05/2025-05-11,3,1.5,1.0,1.5,False
Myntra,Refund & Payment Issues,2025-05-12/2025-05-18,1,1.5,1.0,-0.5,False
Myntra,Refund & Payment Issues,2025-05-19/2025-05-25,1,1.5,1.0,-0.5,False
Myntra,Refund & Payment Issues,2025-05-26/2025-06-01,2,1.75,0.9574271077563381,0.26111648393354675,False
Myntra,Refund & Payment Issues,2025-07-21/2025-07-27,1,1.25,0.4999999999999999,-0.5000000000000001,False
Myntra,Refund & Payment Issues,2025-08-25/2025-08-31,1,1.25,0.4999999999999999,-0.5000000000000001,False
Myntra,Refund & Payment Issues,2025-09-15/2025-09-21,1,1.25,0.4999999999999999,-0.5000000000000001,False
Myntra,Refund & Payment Issues,2025-09-22/2025-09-28,2,1.25,0.4999999999999999,1.5000000000000004,False
Myntra,Refund & Payment Issues,2025-09-29/2025-10-05,1,1.25,0.4999999999999999,-0.5000000000000001,False
Myntra,Refund & Payment Issues,2025-10-06/2025-10-12,1,1.25,0.4999999999999999,-0.5000000000000001,False
Myntra,Refund & Payment Issues,2025-10-20/2025-10-26,1,1.25,0.4999999999999999,-0.5000000000000001,False
Myntra,Refund & Payment Issues,2025-10-27/2025-11-02,1,1.0,0.0,,False
Myntra,Refund & Payment Issues,2025-11-03/2025-11-09,2,1.25,0.4999999999999999,1.5000000000000004,False
Myntra,Refund & Payment Issues,2025-11-10/2025-11-16,2,1.5,0.5773502691896257,0.8660254037844387,False
Myntra,Refund & Payment Issues,2025-11-24/2025-11-30,2,1.75,0.4999999999999999,0.5000000000000001,False
Myntra,Refund & Payment Issues,2025-12-01/2025-12-07,3,2.25,0.4999999999999999,1.5000000000000004,False
Myntra,Refund & Payment Issues,2026-01-12/2026-01-18,1,2.0,0.816496580927726,-1.224744871391589,False
Myntra,Refund & Payment Issues,2026-01-19/2026-01-25,2,2.0,0.816496580927726,0.0,False
Myntra,Refund & Payment Issues,2026-01-26/2026-02-01,1,1.75,0.9574271077563381,-0.7833494518006403,False
Myntra,Refund & Payment Issues,2026-02-02/2026-02-08,1,1.25,0.4999999999999999,-0.5000000000000001,False
Myntra,Refund & Payment Issues,2026-02-23/2026-03-01,1,1.25,0.4999999999999999,-0.5000000000000001,False
Myntra,Refund & Payment Issues,2026-03-02/2026-03-08,2,1.25,0.4999999999999999,1.5000000000000004,False
Myntra,Refund & Payment Issues,2026-03-23/2026-03-29,1,1.25,0.4999999999999999,-0.5000000000000001,False
Myntra,Refund & Payment Issues,2026-03-30/2026-04-05,4,2.0,1.4142135623730951,1.414213562373095,False
Myntra,Size/Quality Mismatch,2024-09-09/2024-09-15,1,,,,False
Myntra,Size/Quality Mismatch,2024-09-16/2024-09-22,2,1.5,0.7071067811865476,0.7071067811865475,False
Myntra,Size/Quality Mismatch,2024-11-11/2024-11-17,1,1.3333333333333333,0.5773502691896257,-0.5773502691896256,False
Myntra,Size/Quality Mismatch,2024-12-09/2024-12-15,2,1.5,0.5773502691896257,0.8660254037844387,False
Myntra,Size/Quality Mismatch,2025-01-06/2025-01-12,1,1.5,0.5773502691896257,-0.8660254037844387,False
Myntra,Size/Quality Mismatch,2025-01-13/2025-01-19,1,1.25,0.5,-0.5,False
Myntra,Size/Quality Mismatch,2025-02-03/2025-02-09,1,1.25,0.5,-0.5,False
Myntra,Size/Quality Mismatch,2025-03-17/2025-03-23,1,1.0,0.0,,False
Myntra,Size/Quality Mismatch,2025-04-28/2025-05-04,1,1.0,0.0,,False
Myntra,Size/Quality Mismatch,2025-05-12/2025-05-18,1,1.0,0.0,,False
Myntra,Size/Quality Mismatch,2025-06-09/2025-06-15,1,1.0,0.0,,False
Myntra,Size/Quality Mismatch,2025-06-23/2025-06-29,1,1.0,0.0,,False
Myntra,Size/Quality Mismatch,2025-06-30/2025-07-06,1,1.0,0.0,,False
Myntra,Size/Quality Mismatch,2025-07-07/2025-07-13,1,1.0,0.0,,False
Myntra,Size/Quality Mismatch,2025-09-08/2025-09-14,1,1.0,0.0,,False
Myntra,Size/Quality Mismatch,2025-09-15/2025-09-21,1,1.0,0.0,,False
Myntra,Size/Quality Mismatch,2025-09-22/2025-09-28,3,1.5,1.0,1.5,False
Myntra,Size/Quality Mismatch,2025-10-06/2025-10-12,2,1.75,0.9574271077563381,0.26111648393354675,False
Myntra,Size/Quality Mismatch,2025-10-13/2025-10-19,1,1.75,0.9574271077563381,-0.7833494518006403,False
Myntra,Size/Quality Mismatch,2025-10-27/2025-11-02,1,1.75,0.9574271077563381,-0.7833494518006403,False
Myntra,Size/Quality Mismatch,2025-11-10/2025-11-16,1,1.25,0.4999999999999999,-0.5000000000000001,False
Myntra,Size/Quality Mismatch,2025-12-01/2025-12-07,2,1.25,0.4999999999999999,1.5000000000000004,False
Myntra,Size/Quality Mismatch,2025-12-15/2025-12-21,2,1.5,0.5773502691896257,0.8660254037844387,False
Myntra,Size/Quality Mismatch,2025-12-22/2025-12-28,1,1.5,0.5773502691896257,-0.8660254037844387,False
Myntra,Size/Quality Mismatch,2026-01-05/2026-01-11,1,1.5,0.5773502691896257,-0.8660254037844387,False
Myntra,Size/Quality Mismatch,2026-01-12/2026-01-18,2,1.5,0.5773502691896257,0.8660254037844387,False
Myntra,Size/Quality Mismatch,2026-01-19/2026-01-25,1,1.25,0.4999999999999999,-0.5000000000000001,False
Myntra,Size/Quality Mismatch,2026-01-26/2026-02-01,1,1.25,0.4999999999999999,-0.5000000000000001,False
Myntra,Size/Quality Mismatch,2026-02-02/2026-02-08,2,1.5,0.5773502691896257,0.8660254037844387,False
Myntra,Size/Quality Mismatch,2026-02-09/2026-02-15,1,1.25,0.4999999999999999,-0.5000000000000001,False
Myntra,Size/Quality Mismatch,2026-03-02/2026-03-08,1,1.25,0.4999999999999999,-0.5000000000000001,False
Myntra,Size/Quality Mismatch,2026-03-09/2026-03-15,2,1.5,0.5773502691896257,0.8660254037844387,False
Myntra,Size/Quality Mismatch,2026-03-16/2026-03-22,1,1.25,0.4999999999999999,-0.5000000000000001,False
Myntra,Size/Quality Mismatch,2026-03-30/2026-04-05,45,12.25,21.83842179889991,1.4996504922187075,False
Nykaa,App Crash / UX Bug,2019-04-29/2019-05-05,1,,,,False
Nykaa,App Crash / UX Bug,2019-05-06/2019-05-12,1,1.0,0.0,,False
Nykaa,App Crash / UX Bug,2019-10-07/2019-10-13,1,1.0,0.0,,False
Nykaa,App Crash / UX Bug,2019-10-21/2019-10-27,1,1.0,0.0,,False
Nykaa,App Crash / UX Bug,2020-01-13/2020-01-19,1,1.0,0.0,,False
Nykaa,App Crash / UX Bug,2024-01-22/2024-01-28,1,1.0,0.0,,False
Nykaa,App Crash / UX Bug,2025-04-21/2025-04-27,1,1.0,0.0,,False
Nykaa,App Crash / UX Bug,2025-05-12/2025-05-18,1,1.0,0.0,,False
Nykaa,App Crash / UX Bug,2025-07-21/2025-07-27,1,1.0,0.0,,False
Nykaa,App Crash / UX Bug,2025-09-01/2025-09-07,1,1.0,0.0,,False
Nykaa,App Crash / UX Bug,2025-11-24/2025-11-30,1,1.0,0.0,,False
Nykaa,App Crash / UX Bug,2026-03-23/2026-03-29,4,1.75,1.5,1.5,False
Nykaa,App Crash / UX Bug,2026-03-30/2026-04-05,20,6.5,9.1104335791443,1.4818175098608197,False
Nykaa,Delivery Failure,2019-01-28/2019-02-03,1,,,,False
Nykaa,Delivery Failure,2019-04-29/2019-05-05,1,1.0,0.0,,False
Nykaa,Delivery Failure,2019-07-08/2019-07-14,1,1.0,0.0,,False
Nykaa,Delivery Failure,2020-09-28/2020-10-04,1,1.0,0.0,,False
Nykaa,Delivery Failure,2020-11-09/2020-11-15,1,1.0,0.0,,False
Nykaa,Delivery Failure,2020-12-28/2021-01-03,1,1.0,0.0,,False
Nykaa,Delivery Failure,2021-08-02/2021-08-08,1,1.0,0.0,,False
Nykaa,Delivery Failure,2022-08-01/2022-08-07,1,1.0,0.0,,False
Nykaa,Delivery Failure,2022-08-29/2022-09-04,1,1.0,0.0,,False
Nykaa,Delivery Failure,2022-11-14/2022-11-20,1,1.0,0.0,,False
Nykaa,Delivery Failure,2022-11-21/2022-11-27,1,1.0,0.0,,False
Nykaa,Delivery Failure,2022-11-28/2022-12-04,1,1.0,0.0,,False
Nykaa,Delivery Failure,2023-12-11/2023-12-17,1,1.0,0.0,,False
Nykaa,Delivery Failure,2023-12-18/2023-12-24,1,1.0,0.0,,False
Nykaa,Delivery Failure,2024-02-12/2024-02-18,1,1.0,0.0,,False
Nykaa,Delivery Failure,2024-04-22/2024-04-28,1,1.0,0.0,,False
Nykaa,Delivery Failure,2024-05-27/2024-06-02,1,1.0,0.0,,False
Nykaa,Delivery Failure,2025-05-19/2025-05-25,1,1.0,0.0,,False
Nykaa,Delivery Failure,2025-09-01/2025-09-07,1,1.0,0.0,,False
Nykaa,Delivery Failure,2026-03-23/2026-03-29,6,2.25,2.5,1.5,False
Nykaa,Delivery Failure,2026-03-30/2026-04-05,46,13.5,21.79449471770337,1.4912022701586514,False
Nykaa,Fake/Counterfeit Product,2017-06-12/2017-06-18,1,,,,False
Nykaa,Fake/Counterfeit Product,2017-09-18/2017-09-24,1,1.0,0.0,,False
Nykaa,Fake/Counterfeit Product,2018-07-16/2018-07-22,1,1.0,0.0,,False
Nykaa,Fake/Counterfeit Product,2019-05-20/2019-05-26,1,1.0,0.0,,False
Nykaa,Fake/Counterfeit Product,2019-07-08/2019-07-14,1,1.0,0.0,,False
Nykaa,Fake/Counterfeit Product,2019-09-02/2019-09-08,1,1.0,0.0,,False
Nykaa,Fake/Counterfeit Product,2019-09-23/2019-09-29,1,1.0,0.0,,False
Nykaa,Fake/Counterfeit Product,2020-02-10/2020-02-16,1,1.0,0.0,,False
Nykaa,Fake/Counterfeit Product,2021-01-18/2021-01-24,1,1.0,0.0,,False
Nykaa,Fake/Counterfeit Product,2024-08-05/2024-08-11,1,1.0,0.0,,False
Nykaa,Fake/Counterfeit Product,2025-05-19/2025-05-25,1,1.0,0.0,,False
Nykaa,Fake/Counterfeit Product,2025-06-16/2025-06-22,1,1.0,0.0,,False
Nykaa,Fake/Counterfeit Product,2025-08-18/2025-08-24,1,1.0,0.0,,False
Nykaa,Fake/Counterfeit Product,2026-02-02/2026-02-08,1,1.0,0.0,,False
Nykaa,Fake/Counterfeit Product,2026-03-23/2026-03-29,16,4.75,7.5,1.5,False
Nykaa,Fake/Counterfeit Product,2026-03-30/2026-04-05,73,22.75,34.23813663153998,1.4676616470333839,False
Nykaa,Positive Experience,2019-09-02/2019-09-08,1,,,,False
Nykaa,Positive Experience,2022-05-09/2022-05-15,1,1.0,0.0,,False
Nykaa,Positive Experience,2022-09-12/2022-09-18,1,1.0,0.0,,False
Nykaa,Positive Experience,2023-02-20/2023-02-26,1,1.0,0.0,,False
Nykaa,Positive Experience,2023-06-12/2023-06-18,2,1.25,0.5,1.5,False
Nykaa,Positive Experience,2023-12-11/2023-12-17,1,1.25,0.5,-0.5,False
Nykaa,Positive Experience,2023-12-18/2023-12-24,1,1.25,0.5,-0.5,False
Nykaa,Positive Experience,2024-07-22/2024-07-28,1,1.25,0.5,-0.5,False
Nykaa,Positive Experience,2024-08-05/2024-08-11,1,1.0,0.0,,False
Nykaa,Positive Experience,2025-02-03/2025-02-09,1,1.0,0.0,,False
Nykaa,Positive Experience,2025-03-24/2025-03-30,1,1.0,0.0,,False
Nykaa,Positive Experience,2025-05-26/2025-06-01,1,1.0,0.0,,False
Nykaa,Positive Experience,2025-06-30/2025-07-06,2,1.25,0.5,1.5,False
Nykaa,Positive Experience,2025-11-10/2025-11-16,1,1.25,0.5,-0.5,False
Nykaa,Positive Experience,2026-03-23/2026-03-29,1,1.25,0.5,-0.5,False
Nykaa,Positive Experience,2026-03-30/2026-04-05,6,2.5,2.380476142847617,1.47029408822941,False
Nykaa,Refund & Payment Issues,2016-12-05/2016-12-11,1,,,,False
Nykaa,Refund & Payment Issues,2017-09-11/2017-09-17,1,1.0,0.0,,False
Nykaa,Refund & Payment Issues,2017-11-06/2017-11-12,1,1.0,0.0,,False
Nykaa,Refund & Payment Issues,2018-07-16/2018-07-22,1,1.0,0.0,,False
Nykaa,Refund & Payment Issues,2018-09-10/2018-09-16,1,1.0,0.0,,False
Nykaa,Refund & Payment Issues,2019-01-28/2019-02-03,1,1.0,0.0,,False
Nykaa,Refund & Payment Issues,2019-11-18/2019-11-24,1,1.0,0.0,,False
Nykaa,Refund & Payment Issues,2020-02-03/2020-02-09,1,1.0,0.0,,False
Nykaa,Refund & Payment Issues,2020-03-30/2020-04-05,1,1.0,0.0,,False
Nykaa,Refund & Payment Issues,2020-11-23/2020-11-29,1,1.0,0.0,,False
Nykaa,Refund & Payment Issues,2021-05-24/2021-05-30,1,1.0,0.0,,False
Nykaa,Refund & Payment Issues,2021-06-21/2021-06-27,1,1.0,0.0,,False
Nykaa,Refund & Payment Issues,2021-11-01/2021-11-07,1,1.0,0.0,,False
Nykaa,Refund & Payment Issues,2021-12-06/2021-12-12,1,1.0,0.0,,False
Nykaa,Refund & Payment Issues,2022-03-07/2022-03-13,1,1.0,0.0,,False
Nykaa,Refund & Payment Issues,2022-05-16/2022-05-22,1,1.0,0.0,,False
Nykaa,Refund & Payment Issues,2022-06-20/2022-06-26,1,1.0,0.0,,False
Nykaa,Refund & Payment Issues,2022-10-17/2022-10-23,1,1.0,0.0,,False
Nykaa,Refund & Payment Issues,2022-11-21/2022-11-27,1,1.0,0.0,,False
Nykaa,Refund & Payment Issues,2023-05-01/2023-05-07,2,1.25,0.5,1.5,False
Nykaa,Refund & Payment Issues,2023-08-28/2023-09-03,1,1.25,0.5,-0.5,False
Nykaa,Refund & Payment Issues,2023-11-27/2023-12-03,2,1.5,0.5773502691896257,0.8660254037844387,False
Nykaa,Refund & Payment Issues,2024-01-08/2024-01-14,2,1.75,0.5,0.5,False
Nykaa,Refund & Payment Issues,2024-04-22/2024-04-28,1,1.5,0.5773502691896257,-0.8660254037844387,False
Nykaa,Refund & Payment Issues,2024-07-15/2024-07-21,2,1.75,0.5,0.5,False
Nykaa,Refund & Payment Issues,2025-02-10/2025-02-16,1,1.5,0.5773502691896257,-0.8660254037844387,False
Nykaa,Refund & Payment Issues,2025-03-31/2025-04-06,2,1.5,0.5773502691896257,0.8660254037844387,False
Nykaa,Refund & Payment Issues,2025-04-28/2025-05-04,1,1.5,0.5773502691896257,-0.8660254037844387,False
Nykaa,Refund & Payment Issues,2025-06-09/2025-06-15,1,1.25,0.5,-0.5,False
Nykaa,Refund & Payment Issues,2025-06-16/2025-06-22,1,1.25,0.5,-0.5,False
Nykaa,Refund & Payment Issues,2025-09-15/2025-09-21,1,1.0,0.0,,False
Nykaa,Refund & Payment Issues,2025-10-06/2025-10-12,1,1.0,0.0,,False
Nykaa,Refund & Payment Issues,2025-11-10/2025-11-16,1,1.0,0.0,,False
Nykaa,Refund & Payment Issues,2026-03-30/2026-04-05,10,3.25,4.5,1.5,False
Nykaa,Size/Quality Mismatch,2018-01-01/2018-01-07,1,,,,False
Nykaa,Size/Quality Mismatch,2018-02-19/2018-02-25,1,1.0,0.0,,False
Nykaa,Size/Quality Mismatch,2018-04-30/2018-05-06,1,1.0,0.0,,False
Nykaa,Size/Quality Mismatch,2018-08-13/2018-08-19,1,1.0,0.0,,False
Nykaa,Size/Quality Mismatch,2019-08-12/2019-08-18,1,1.0,0.0,,False
Nykaa,Size/Quality Mismatch,2019-10-14/2019-10-20,3,1.5,1.0,1.5,False
Nykaa,Size/Quality Mismatch,2021-03-08/2021-03-14,1,1.5,1.0,-0.5,False
Nykaa,Size/Quality Mismatch,2022-07-18/2022-07-24,1,1.5,1.0,-0.5,False
Nykaa,Size/Quality Mismatch,2022-09-05/2022-09-11,1,1.5,1.0,-0.5,False
Nykaa,Size/Quality Mismatch,2022-11-28/2022-12-04,2,1.25,0.5,1.5,False
Nykaa,Size/Quality Mismatch,2023-07-24/2023-07-30,1,1.25,0.5,-0.5,False
Nykaa,Size/Quality Mismatch,2023-11-27/2023-12-03,1,1.25,0.5,-0.5,False
Nykaa,Size/Quality Mismatch,2024-01-22/2024-01-28,1,1.25,0.5,-0.5,False
Nykaa,Size/Quality Mismatch,2024-01-29/2024-02-04,1,1.0,0.0,,False
Nykaa,Size/Quality Mismatch,2025-09-29/2025-10-05,1,1.0,0.0,,False
Nykaa,Size/Quality Mismatch,2025-11-24/2025-11-30,1,1.0,0.0,,False
Nykaa,Size/Quality Mismatch,2026-03-16/2026-03-22,1,1.0,0.0,,False
Nykaa,Size/Quality Mismatch,2026-03-23/2026-03-29,3,1.5,1.0,1.5,False
Nykaa,Size/Quality Mismatch,2026-03-30/2026-04-05,23,7.0,10.708252269472673,1.4941747352752568,False
